"phrase";"replacements";"message";"url
"...";"…";"Replace ... with .... ";
" - ";" – ";"Replace - with – ";
"abort";"stop";"Unconcious Bias Detected";
"aborted";"stopped";"Unconcious Bias Detected";
"aborting";"stopping";"Unconcious Bias Detected";
"birth defect";"congenital disability";"Unconcious Bias Detected";
"black day";"blocked day";"Unconcious Bias Detected";
"black days";"blocked days";"Unconcious Bias Detected";
"black hat";"bad actor";"Unconcious Bias Detected";
"black hat tactic";"bad actor tactics";"Unconcious Bias Detected";
"black list";"deny list";"Unconcious Bias Detected";
"black lists";"deny lists";"Unconcious Bias Detected";
"blackday";"blocked day";"Unconcious Bias Detected";
"black-day";"blocked day";"Unconcious Bias Detected";
"blackdays";"blocked days";"Unconcious Bias Detected";
"black-days";"blocked-days";"Unconcious Bias Detected";
"black-hat";"bad-actor";"Unconcious Bias Detected";
"black-hat tactic";"bad actor tactics";"Unconcious Bias Detected";
"blacklist";"deny-list";"Unconcious Bias Detected";
"black-list";"deny-list";"Unconcious Bias Detected";
"blacklists";"deny-lists";"Unconcious Bias Detected";
"black-lists";"deny-lists";"Unconcious Bias Detected";
"blackout";"service outage";"Unconcious Bias Detected";
"broken windows";"rough edges";"Unconcious Bias Detected";
"brown bag";"Lunch and Learn";"Unconcious Bias Detected";
"brown-bag";"Info Session";"Unconcious Bias Detected";
"businessman";"business person";"Unconcious Bias Detected";
"businesswoman";"business person";"Unconcious Bias Detected";
"cake walk";"simple";"Unconcious Bias Detected";
"cake walks";"simple";"Unconcious Bias Detected";
"caucasian";"white";"Unconcious Bias Detected";
"chairman";"chair person";"Unconcious Bias Detected";
"chairwoman";"chair person";"Unconcious Bias Detected";
"challenged";"disability";"Unconcious Bias Detected";
"circle the wagon";"regroup";"Unconcious Bias Detected";
"circle the wagons";"regroup";"Unconcious Bias Detected";
"circled the wagon";"regroup";"Unconcious Bias Detected";
"circled the wagons";"huddled";"Unconcious Bias Detected";
"congressmen";"congress person";"Unconcious Bias Detected";
"congresswoman";"congress person";"Unconcious Bias Detected";
"councilman";"concil member";"Unconcious Bias Detected";
"councilwoman";"concil member";"Unconcious Bias Detected";
"crazy";"psychiatric disability";"Unconcious Bias Detected";
"disable";"deactivate";"Unconcious Bias Detected";
"disabled";"deactivated";"Unconcious Bias Detected";
"the disabled";"the disability community";"Unconcious Bias Detected";
"disabled restroom";"accessible restroom";"Unconcious Bias Detected";
"disabling";"deactivating";"Unconcious Bias Detected";
"diverse employees";"(be specific)";"Unconcious Bias Detected";
"diverse employee";"(be specific)";"Unconcious Bias Detected";
"diversity";"(be specific)";"Unconcious Bias Detected";
"drank the cool aid";"blind acceptance";"Unconcious Bias Detected";
"drank the coolaid";"blind acceptance";"Unconcious Bias Detected";
"drank the cool-aid";"blind acceptance";"Unconcious Bias Detected";
"drank the kool aid";"blind acceptance";"Unconcious Bias Detected";
"drank the koolaid";"blind acceptance";"Unconcious Bias Detected";
"drank the kool-aid";"blind acceptance";"Unconcious Bias Detected";
"drink the cool aid";"blind acceptance";"Unconcious Bias Detected";
"drink the coolaid";"blind acceptance";"Unconcious Bias Detected";
"drink the cool-aid";"blind acceptance";"Unconcious Bias Detected";
"drink the kool aid";"blind acceptance";"Unconcious Bias Detected";
"drink the koolaid";"blind acceptance";"Unconcious Bias Detected";
"drink the kool-aid";"blind acceptance";"Unconcious Bias Detected";
"dumb";"nonspeaking";"Unconcious Bias Detected";
"dwarf";"person of short stature";"Unconcious Bias Detected";
"enable";"activate";"Unconcious Bias Detected";
"enabled";"activated";"Unconcious Bias Detected";
"enabling";"activating";"Unconcious Bias Detected";
"execute";"run";"Unconcious Bias Detected";
"executed";"ran";"Unconcious Bias Detected";
"executing";"running";"Unconcious Bias Detected";
"female";"woman";"Unconcious Bias Detected";
"grandfather";"exempt or legacy";"Unconcious Bias Detected";
"grandfathered";"exempt or legacy";"Unconcious Bias Detected";
"hey guys";"y'all";"Unconcious Bias Detected";
"hi guys";"y'all";"Unconcious Bias Detected";
"guru";"expert";"Unconcious Bias Detected";
"hang";"no response";"Unconcious Bias Detected";
"hanged";"no response";"Unconcious Bias Detected";
"hanging";"not responding";"Unconcious Bias Detected";
"housekeeping";"maintenance";"Unconcious Bias Detected";
"hung";"no response";"Unconcious Bias Detected";
"identify as male";"man";"Unconcious Bias Detected";
"identify as a man";"man";"Unconcious Bias Detected";
"identify as men";"men";"Unconcious Bias Detected";
"identify as female";"woman";"Unconcious Bias Detected";
"identify as a woman";"woman";"Unconcious Bias Detected";
"identify as women";"women";"Unconcious Bias Detected";
"invalid";"not valid";"Unconcious Bias Detected";
"kill";"stop";"Unconcious Bias Detected";
"killed";"stopped";"Unconcious Bias Detected";
"killing";"stopping";"Unconcious Bias Detected";
"lame";"uninteresting";"Unconcious Bias Detected";
"ladies and gentlemen";"y'all";"Unconcious Bias Detected";
"mailman";"mail carrier";"Unconcious Bias Detected";
"mailwoman";"mail carrier";"Unconcious Bias Detected";
"male";"man";"Unconcious Bias Detected";
"man hour";"person-hour";"Unconcious Bias Detected";
"man hours";"person-hours";"Unconcious Bias Detected";
"man-hour";"person-hour";"Unconcious Bias Detected";
"man-hours";"person-hours";"Unconcious Bias Detected";
"maniac";"psychiatric disability";"Unconcious Bias Detected";
"manic";"eager";"Unconcious Bias Detected";
"mankind";"people";"Unconcious Bias Detected";
"man-made";"people-made";"Unconcious Bias Detected";
"man made";"people-made";"Unconcious Bias Detected";
"master";"mainline";"Unconcious Bias Detected";
"masters";"primarys";"Unconcious Bias Detected";
"master-slave";"primary-secondary";"Unconcious Bias Detected";
"master-slaves";"primary-secondary";"Unconcious Bias Detected";
"master account";"management account";"Unconcious Bias Detected";
"men and women";"everyone";"Unconcious Bias Detected";
"minorities";"underrepresented groups";"Unconcious Bias Detected";
"non-verbal";"nonspeaking (for autistic adults who do not speak)";"Unconcious Bias Detected";
"nude";"beige";"Unconcious Bias Detected";
"off the reservation";"go rogue";"Unconcious Bias Detected";
"oriental";"Asian";"Unconcious Bias Detected";
"orientals";"Asian";"Unconcious Bias Detected";
"peanut gallery";"heckler";"Unconcious Bias Detected";
"policeman";"police officer";"Unconcious Bias Detected";
"policewoman";"police officer";"Unconcious Bias Detected";
"postman";"post officer";"Unconcious Bias Detected";
"postwoman";"post officer";"Unconcious Bias Detected";
"powwow";"huddle";"Unconcious Bias Detected";
"powwows";"huddles";"Unconcious Bias Detected";
"preferred pronouns";"pronouns";"Unconcious Bias Detected";
"primitive";"primitive data type";"Unconcious Bias Detected";
"psycho";"mental health issues";"Unconcious Bias Detected";
"red line";"validate";"Unconcious Bias Detected";
"red lines";"verifications";"Unconcious Bias Detected";
"red lining";"reviewing";"Unconcious Bias Detected";
"redline";"correct";"Unconcious Bias Detected";
"red-line";"check";"Unconcious Bias Detected";
"redlines";"corrections";"Unconcious Bias Detected";
"red-lines";"markups";"Unconcious Bias Detected";
"redlining";"noting";"Unconcious Bias Detected";
"red-lining";"speccing";"Unconcious Bias Detected";
"retarded";"intellectual disability";"Unconcious Bias Detected";
"salesman";"sales person";"Unconcious Bias Detected";
"saleswoman";"sales person";"Unconcious Bias Detected";
"schizo";"mental health issues";"Unconcious Bias Detected";
"seeing eye dog";"service animal";"Unconcious Bias Detected";
"sherpa";"mentor";"Unconcious Bias Detected";
"sign language";"American Sign Language (ASL)";"Unconcious Bias Detected";
"slave";"replica";"Unconcious Bias Detected";
"slaves";"replicas";"Unconcious Bias Detected";
"slow-learner";"has a learning disability";"Unconcious Bias Detected";
"sold down the river";"betray";"Unconcious Bias Detected";
"special needs";"functional needs";"Unconcious Bias Detected";
"spirit animal";"muse or inspiration";"Unconcious Bias Detected";
"spirit animals";"muses or inspirations";"Unconcious Bias Detected";
"steward";"flight attendant";"Unconcious Bias Detected";
"stewardess";"flight attendant";"Unconcious Bias Detected";
"takes the cake";"straightforward";"Unconcious Bias Detected";
"tribal knowledge";"institutional knowledge";"Unconcious Bias Detected";
"trigger";"initiate";"Unconcious Bias Detected";
"triggered";"initiated";"Unconcious Bias Detected";
"triggering";"invoking";"Unconcious Bias Detected";
"uppity";"arrogant";"Unconcious Bias Detected";
"visually handicapped";"blind";"Unconcious Bias Detected";
"waiter";"wait staff";"Unconcious Bias Detected";
"waitress";"wait staff";"Unconcious Bias Detected";
"white day";"open day";"Unconcious Bias Detected";
"white days";"open day";"Unconcious Bias Detected";
"white list";"allow-list";"Unconcious Bias Detected";
"white lists";"allow-list";"Unconcious Bias Detected";
"white paper";"paper";"Unconcious Bias Detected";
"whiteday";"open day";"Unconcious Bias Detected";
"white-day";"open day";"Unconcious Bias Detected";
"whitedays";"open day";"Unconcious Bias Detected";
"white-days";"open day";"Unconcious Bias Detected";
"whitelist";"allow-list";"Unconcious Bias Detected";
"whitelists";"allow-list";"Unconcious Bias Detected";
"women and men";"y'all";"Unconcious Bias Detected";
"a bit";"limited";"Unconcious Bias Detected";
"a lot";"numerous";"Weasel Word Detected";
"a number of";"numerous";"Weasel Word Detected";
"a while";"a duration";"Weasel Word Detected";
"almost";"virtually";"Weasel Word Detected";
"always";"consistently";"Weasel Word Detected";
"around";"approximately";"Weasel Word Detected";
"awhile";"temporarily";"Weasel Word Detected";
"best";"optimal";"Weasel Word Detected";
"better";"improved";"Weasel Word Detected";
"bigger";"larger";"Weasel Word Detected";
"complex";"intricate";"Weasel Word Detected";
"considerable";"noteworthy";"Weasel Word Detected";
"considerably";"substantially";"Weasel Word Detected";
"costly";"expensive";"Weasel Word Detected";
"disproportionate";"unbalanced";"Weasel Word Detected";
"easier";"more straightforward";"Weasel Word Detected";
"easy";"straightforward";"Weasel Word Detected";
"enough";"sufficient";"Weasel Word Detected";
"ever";"perpetually";"Weasel Word Detected";
"far";"";"Weasel Word Detected";
"fast";"";"Weasel Word Detected";
"faster";"quicker";"Weasel Word Detected";
"few";"limited";"Weasel Word Detected";
"fewer";"diminished";"Weasel Word Detected";
"frequent";"recurring";"Weasel Word Detected";
"frequently";"regularly";"Weasel Word Detected";
"further";"additional";"Weasel Word Detected";
"full";"complete";"Weasel Word Detected";
"for the most part";"primarily";"Weasel Word Detected";
"generally";"broadly";"Weasel Word Detected";
"greater";"more markedly";"Weasel Word Detected";
"hard";"challenging";"Weasel Word Detected";
"harder";"more challenging";"Weasel Word Detected";
"higher";"elevated";"Weasel Word Detected";
"in a sense";"to some extent";"Weasel Word Detected";
"in a way";"in a manner";"Weasel Word Detected";
"lower";"reduced";"Weasel Word Detected";
"many";"abundant";"Weasel Word Detected";
"might";"will";"Weasel Word Detected";
"more";"additional";"Weasel Word Detected";
"most";"predominant";"Weasel Word Detected";
"nearly";"virtually";"Weasel Word Detected";
"often";"regularly";"Weasel Word Detected";
"overwhelming";"immense";"Weasel Word Detected";
"probably";"conceivably";"Weasel Word Detected";
"proven";"verified";"Weasel Word Detected";
"relative";"comparative";"Weasel Word Detected";
"relatively";"proportionally";"Weasel Word Detected";
"roughly";"approximately";"Weasel Word Detected";
"several";"numerous";"Weasel Word Detected";
"significant";"noteworthy";"Weasel Word Detected";
"significantly";"markedly";"Weasel Word Detected";
"slow";"gradual";"Weasel Word Detected";
"slower";"more gradually";"Weasel Word Detected";
"small";"minuscule";"Weasel Word Detected";
"smaller";"tinier";"Weasel Word Detected";
"some";"numerous";"Weasel Word Detected";
"somehow";"in some way";"Weasel Word Detected";
"soon";"in the near future";"Weasel Word Detected";
"sort of";"somewhat";"Weasel Word Detected";
"tiny";"minuscule";"Weasel Word Detected";
"lots";"abundant";"Weasel Word Detected";
"usually";"typically";"Weasel Word Detected";
"varied";"assorted";"Weasel Word Detected";
"various";"diverse";"Weasel Word Detected";
"vast";"immense";"Weasel Word Detected";
"very";"exceedingly";"Weasel Word Detected";
"well";"proficiently";"Weasel Word Detected";
"worse";"deteriorated";"Weasel Word Detected";
"worst";"least favorable";"Weasel Word Detected";
"again";"";"Filler Word Detected";
"already";"";"Filler Word Detected";
"anyway";"";"Filler Word Detected";
"appeared";"";"Filler Word Detected";
"back";"";"Filler Word Detected";
"be able to";"";"Filler Word Detected";
"began";"";"Filler Word Detected";
"believed";"";"Filler Word Detected";
"considered";"";"Filler Word Detected";
"decided";"";"Filler Word Detected";
"due to the fact that";"";"Filler Word Detected";
"for the purpose of";"";"Filler Word Detected";
"for the purposes of";"";"Filler Word Detected";
"heard";"";"Filler Word Detected";
"idea";"";"Filler Word Detected";
"just";"";"Filler Word Detected";
"knew";"";"Filler Word Detected";
"lacked the ability to";"";"Filler Word Detected";
"looked";"";"Filler Word Detected";
"noticed";"";"Filler Word Detected";
"only";"";"Filler Word Detected";
"own";"";"Filler Word Detected";
"partnered with";"";"Filler Word Detected";
"partnering with";"";"Filler Word Detected";
"rather";"";"Filler Word Detected";
"real";"";"Filler Word Detected";
"recognized";"";"Filler Word Detected";
"realized";"";"Filler Word Detected";
"saw";"";"Filler Word Detected";
"seemed";"";"Filler Word Detected";
"smelled";"";"Filler Word Detected";
"started";"";"Filler Word Detected";
"still";"";"Filler Word Detected";
"supposed";"";"Filler Word Detected";
"thought";"";"Filler Word Detected";
"touched";"";"Filler Word Detected";
"understood";"";"Filler Word Detected";
"until such time as";"";"Filler Word Detected";
"watched";"";"Filler Word Detected";
"with the exception of";"";"Filler Word Detected";
"with the possible exception of";"";"Filler Word Detected";
"wondered";"";"Filler Word Detected";
"believe";"conclude";"Indirect Word Detected";
"can";"capable of";"Indirect Word Detected";
"can";"are";"Indirect Word Detected";
"could";"was capable of";"Indirect Word Detected";
"could";"will";"Indirect Word Detected";
"hope";"anticipate";"Indirect Word Detected";
"if we were to";"in the event that";"Indirect Word Detected";
"in general";"broadly";"Indirect Word Detected";
"like";"akin to";"Indirect Word Detected";
"like";"including";"Indirect Word Detected";
"may";"";"Indirect Word Detected";
"maybe";"";"Indirect Word Detected";
"need to";"require";"Indirect Word Detected";
"planning on";"intending to";"Indirect Word Detected";
"planning to";"intending to";"Indirect Word Detected";
"possible";"achievable";"Indirect Word Detected";
"possibly";"conceivably";"Indirect Word Detected";
"seem";"appear";"Indirect Word Detected";
"seems";"appears";"Indirect Word Detected";
"should";"must";"Indirect Word Detected";
"there is";"exists";"Indirect Word Detected";
"think";"consider";"Indirect Word Detected";
"thinks";"considers";"Indirect Word Detected";
"tries";"attempts";"Indirect Word Detected";
"try";"attempt";"Indirect Word Detected";
"want to";"aspire to";"Indirect Word Detected";
"wanted to";"aspired to";"Indirect Word Detected";
"was";"acted as";"Indirect Word Detected";
"wasn’t";"did not exist as";"Indirect Word Detected";
"would";"will";"Indirect Word Detected";
"adaptable";"flexible";"Emotional Word Detected";
"advantage";"benefit";"Emotional Word Detected";
"advantageous";"beneficial";"Emotional Word Detected";
"aggravate";"intensify";"Emotional Word Detected";
"aggressive";"assertive";"Emotional Word Detected";
"agitated";"unsettled";"Emotional Word Detected";
"agony";"stress";"Emotional Word Detected";
"alarmed";"alerted";"Emotional Word Detected";
"alienated";"isolated";"Emotional Word Detected";
"amazing";"outstanding";"Emotional Word Detected";
"anger";"irritation";"Emotional Word Detected";
"angry";"irritated";"Emotional Word Detected";
"antagonistic";"hostile";"Emotional Word Detected";
"anxious";"uneasy";"Emotional Word Detected";
"appalled";"shocked";"Emotional Word Detected";
"argumentative";"disputative";"Emotional Word Detected";
"astonishing";"surprising";"Emotional Word Detected";
"astounded";"astonished";"Emotional Word Detected";
"astounding";"surprising";"Emotional Word Detected";
"atrocious";"dreadful";"Emotional Word Detected";
"authentic";"legitimate";"Emotional Word Detected";
"authoritative";"official";"Emotional Word Detected";
"awesome";"outstanding";"Emotional Word Detected";
"awkward";"ungainly";"Emotional Word Detected";
"balanced";"equitable";"Emotional Word Detected";
"bliss";"contentment";"Emotional Word Detected";
"blissful";"content";"Emotional Word Detected";
"calm";"composed";"Emotional Word Detected";
"certain";"assured";"Emotional Word Detected";
"certainly";"undoubtedly";"Emotional Word Detected";
"cheerful";"assured";"Emotional Word Detected";
"clarity";"precision";"Emotional Word Detected";
"straight-forward";"transparent";"Emotional Word Detected";
"clear";"transparent";"Emotional Word Detected";
"compulsive";"uncontrollable";"Emotional Word Detected";
"concern";"apprehension";"Emotional Word Detected";
"concerned";"apprehensive";"Emotional Word Detected";
"condemning";"disapproving";"Emotional Word Detected";
"condescending";"patronizing";"Emotional Word Detected";
"confident";"assured";"Emotional Word Detected";
"conscientious";"meticulous";"Emotional Word Detected";
"contrary";"contradictory";"Emotional Word Detected";
"controlling";"regulating";"Emotional Word Detected";
"cooperative";"collaborative";"Emotional Word Detected";
"corrupting";"destructive";"Emotional Word Detected";
"cowardly";"hesitant";"Emotional Word Detected";
"critical";"essential";"Emotional Word Detected";
"damaging";"destructive";"Emotional Word Detected";
"definitely";"undoubtedly";"Emotional Word Detected";
"dejected";"discouraged";"Emotional Word Detected";
"delighted";"content";"Emotional Word Detected";
"delightful";"pleasant";"Emotional Word Detected";
"deplorable";"lamentable";"Emotional Word Detected";
"depressed";"melancholic";"Emotional Word Detected";
"desperate";"strained";"Emotional Word Detected";
"despicable";"contemptible";"Emotional Word Detected";
"disadvantages";"limitations";"Emotional Word Detected";
"disastrous";"catastrophic";"Emotional Word Detected";
"disdainful";"disrespectful";"Emotional Word Detected";
"disgusted";"repelled";"Emotional Word Detected";
"dishonest";"deceitful";"Emotional Word Detected";
"disillusioned";"disappointed";"Emotional Word Detected";
"disoriented";"bewildered";"Emotional Word Detected";
"dispair";"desperation";"Emotional Word Detected";
"distracted";"unfocused";"Emotional Word Detected";
"distraught";"strained";"Emotional Word Detected";
"distress";"stress";"Emotional Word Detected";
"distressed";"troubled";"Emotional Word Detected";
"doomed";"destined";"Emotional Word Detected";
"doubt";"skepticism";"Emotional Word Detected";
"doubtful";"skeptical";"Emotional Word Detected";
"dread";"apprehension";"Emotional Word Detected";
"dynamic";"active";"Emotional Word Detected";
"effective";"productive";"Emotional Word Detected";
"efficient";"streamlined";"Emotional Word Detected";
"elated";"ecstatic";"Emotional Word Detected";
"elation";"euphoria";"Emotional Word Detected";
"eliminate";"remove";"Emotional Word Detected";
"embarrassed";"self-conscious";"Emotional Word Detected";
"embarrassing";"uneasy";"Emotional Word Detected";
"embarrassment";"awkwardness";"Emotional Word Detected";
"empowered";"strengthened";"Emotional Word Detected";
"enraged";"incensed";"Emotional Word Detected";
"enthusiastic";"eager";"Emotional Word Detected";
"euphoric";"ecstatic";"Emotional Word Detected";
"exasperated";"annoyed";"Emotional Word Detected";
"excellence";"distinction";"Emotional Word Detected";
"excellent";"exceptional";"Emotional Word Detected";
"excited";"eager";"Emotional Word Detected";
"excitement";"enthusiasm";"Emotional Word Detected";
"exhilarated";"content";"Emotional Word Detected";
"exhilaration";"eager";"Emotional Word Detected";
"exuberant";"eager";"Emotional Word Detected";
"fabulous";"fantastic";"Emotional Word Detected";
"fear";"apprehension";"Emotional Word Detected";
"felt";"experienced";"Emotional Word Detected";
"festive";"celebratory";"Emotional Word Detected";
"focused";"concentrated";"Emotional Word Detected";
"forgiving";"lenient";"Emotional Word Detected";
"frustrated";"annoyed";"Emotional Word Detected";
"frustration";"annoyance";"Emotional Word Detected";
"fulfilled";"content";"Emotional Word Detected";
"fun-loving";"optomistic";"Emotional Word Detected";
"furious";"incensed";"Emotional Word Detected";
"genuine";"legitimate";"Emotional Word Detected";
"glad";"content";"Emotional Word Detected";
"gleeful";"content";"Emotional Word Detected";
"glorious";"impressive";"Emotional Word Detected";
"gratified";"content";"Emotional Word Detected";
"grounded";"secure";"Emotional Word Detected";
"guaranteed";"assured";"Emotional Word Detected";
"happy";"content";"Emotional Word Detected";
"harmful";"destructive";"Emotional Word Detected";
"harsh";"rigorous";"Emotional Word Detected";
"helpless";"susceptible";"Emotional Word Detected";
"hesitate";"pause";"Emotional Word Detected";
"honored";"advantaged";"Emotional Word Detected";
"hoped";"anticipated";"Emotional Word Detected";
"hopeless";"cynical";"Emotional Word Detected";
"impatient";"eager";"Emotional Word Detected";
"incapable";"unskilled";"Emotional Word Detected";
"incapacitated";"impaired";"Emotional Word Detected";
"incompetent";"inadequate";"Emotional Word Detected";
"inconsiderate";"inattentive";"Emotional Word Detected";
"indecisive";"hesitant";"Emotional Word Detected";
"inferior";"substandard";"Emotional Word Detected";
"infuriated";"provoked";"Emotional Word Detected";
"invest";"""dedicate";""Emotional Word Detected";"";
"investment";"allocation";"Emotional Word Detected";
"jealous";"covetous";"Emotional Word Detected";
"joy";"jubilant";"Emotional Word Detected";
"joyful";"content";"Emotional Word Detected";
"joyous";"content";"Emotional Word Detected";
"judgmental";"evaluative";"Emotional Word Detected";
"liberated";"released";"Emotional Word Detected";
"lighthearted";"carefree";"Emotional Word Detected";
"magical";"captivating";"Emotional Word Detected";
"magnificent";"impressive";"Emotional Word Detected";
"malicious";"malevolent";"Emotional Word Detected";
"manipulative";"calculating";"Emotional Word Detected";
"miracle";"phenomenon";"Emotional Word Detected";
"miraculous";"extraordinary";"Emotional Word Detected";
"mirth";"amusement";"Emotional Word Detected";
"misgiving";"apprehension";"Emotional Word Detected";
"nervous";"apprehensive";"Emotional Word Detected";
"offensive";"objectionable";"Emotional Word Detected";
"off-kilter";"irregular";"Emotional Word Detected";
"optimistic";"assured";"Emotional Word Detected";
"ordeal";"challenge";"Emotional Word Detected";
"outrageous";"shocking";"Emotional Word Detected";
"overjoyed";"content";"Emotional Word Detected";
"overwhelmed";"inundated";"Emotional Word Detected";
"panic";"stress";"Emotional Word Detected";
"panicked";"strained";"Emotional Word Detected";
"pathetic";"lamentable";"Emotional Word Detected";
"perplexed";"bewildered";"Emotional Word Detected";
"perplexing";"confusing";"Emotional Word Detected";
"pessimistic";"cynical";"Emotional Word Detected";
"pleased";"content";"Emotional Word Detected";
"poisonous";"destructive";"Emotional Word Detected";
"powerless";"vunerable";"Emotional Word Detected";
"presumably";"allegedly";"Emotional Word Detected";
"privileged";"advantaged";"Emotional Word Detected";
"provoke";"confrontational";"Emotional Word Detected";
"quarrelsome";"confrontational";"Emotional Word Detected";
"rebellious";"defiant";"Emotional Word Detected";
"reliable";"dependable";"Emotional Word Detected";
"relief";"alleviation";"Emotional Word Detected";
"relieved";"reassured";"Emotional Word Detected";
"remarkable";"outstanding";"Emotional Word Detected";
"reprimanding";"admonishing";"Emotional Word Detected";
"repulsed";"repelled";"Emotional Word Detected";
"repulsive";"repellent";"Emotional Word Detected";
"resentful";"aggrieved";"Emotional Word Detected";
"responsible";"accountable";"Emotional Word Detected";
"responsive";"interactive";"Emotional Word Detected";
"retaliation";"vengeance";"Emotional Word Detected";
"revenge";"vengeance";"Emotional Word Detected";
"revolutionary";"groundbreaking";"Emotional Word Detected";
"safe";"secure";"Emotional Word Detected";
"safety";"security";"Emotional Word Detected";
"sarcastic";"ironic";"Emotional Word Detected";
"satisfied";"content";"Emotional Word Detected";
"save";"preserve";"Emotional Word Detected";
"scandal";"debacle";"Emotional Word Detected";
"scared";"frightened";"Emotional Word Detected";
"scornful";"contemptuous";"Emotional Word Detected";
"self-sufficient";"independent";"Emotional Word Detected";
"sensational";"outstanding";"Emotional Word Detected";
"severe";"serious";"Emotional Word Detected";
"shameful";"disgraceful";"Emotional Word Detected";
"shock";"surprise";"Emotional Word Detected";
"sincere";"legitimate";"Emotional Word Detected";
"solid";"robust";"Emotional Word Detected";
"sorrow";"grief";"Emotional Word Detected";
"spiteful";"retaliatory";"Emotional Word Detected";
"stability";"steadiness";"Emotional Word Detected";
"stable";"secure";"Emotional Word Detected";
"startling";"unexpected";"Emotional Word Detected";
"steady";"constant";"Emotional Word Detected";
"stressed";"strained";"Emotional Word Detected";
"superb";"exceptional";"Emotional Word Detected";
"superior";"higher-quality";"Emotional Word Detected";
"supported";"reinforced";"Emotional Word Detected";
"sure";"assured";"Emotional Word Detected";
"surprised";"astonished";"Emotional Word Detected";
"suspicious";"distrustful";"Emotional Word Detected";
"tenacious";"persistent";"Emotional Word Detected";
"tense";"strained";"Emotional Word Detected";
"terrible";"dreadful";"Emotional Word Detected";
"terrific";"exceptional";"Emotional Word Detected";
"terrified";"horrified";"Emotional Word Detected";
"thankful";"grateful";"Emotional Word Detected";
"threatened";"endangered";"Emotional Word Detected";
"thrilled";"content";"Emotional Word Detected";
"tickedoff";"irritated";"Emotional Word Detected";
"tragic";"sorrowful";"Emotional Word Detected";
"transparency";"openness";"Emotional Word Detected";
"trapped";"confined";"Emotional Word Detected";
"tremendous";"immense";"Emotional Word Detected";
"true";"legitimate";"Emotional Word Detected";
"truly";"genuinely";"Emotional Word Detected";
"trust";"confidence";"Emotional Word Detected";
"trustworthy";"dependable";"Emotional Word Detected";
"truth";"reality";"Emotional Word Detected";
"truthful";"honest";"Emotional Word Detected";
"unassuming";"modest";"Emotional Word Detected";
"unburdened";"reassured";"Emotional Word Detected";
"uncaring";"indifferent";"Emotional Word Detected";
"uncertain";"hesitant";"Emotional Word Detected";
"uncomfortable";"uneasy";"Emotional Word Detected";
"unfortunately";"regrettably";"Emotional Word Detected";
"uninterested";"indifferent";"Emotional Word Detected";
"unique";"distinctive";"Emotional Word Detected";
"unjustified";"unwarranted";"Emotional Word Detected";
"unreliable";"inconsistent";"Emotional Word Detected";
"unresponsive";"unreactive";"Emotional Word Detected";
"unstable";"precarious";"Emotional Word Detected";
"unsure";"hesitant";"Emotional Word Detected";
"uplifted";"elevated";"Emotional Word Detected";
"upset";"disturbed";"Emotional Word Detected";
"venomous";"toxic";"Emotional Word Detected";
"vindictive";"retaliatory";"Emotional Word Detected";
"violate";"infringe";"Emotional Word Detected";
"violation";"infringement";"Emotional Word Detected";
"violent";"forceful";"Emotional Word Detected";
"vulnerable";"susceptible";"Emotional Word Detected";
"wicked";"malevolent";"Emotional Word Detected";
"wished";"desired";"Emotional Word Detected";
"wonderful";"exceptional";"Emotional Word Detected";
"worried";"apprehensive";"Emotional Word Detected";
"worry";"apprehension";"Emotional Word Detected";
"worthwhile";"valuable";"Emotional Word Detected";
"had";"possesed";"Passive Word Detected";
"it is agreed";"consensus is";"Passive Word Detected";
"it was";"it stood as";"Passive Word Detected";
"were to";"iin the event that";"Passive Word Detected";
"were";"functioned as";"Passive Word Detected";
"weren't";"did not exist as";"Passive Word Detected";
"will be";"will";"Passive Word Detected";
"would like";"will";"Passive Word Detected";
"also";".";"Multiple Idea Word Detected";
"even";".";"Multiple Idea Word Detected";
"since";".";"Multiple Idea Word Detected";
"so";".";"Multiple Idea Word Detected";
"we";"The team";"First Person Plural Word Detected";
"us";"The Team";"First Person Plural Word Detected";
"our";"The Team";"First Person Plural Word Detected";
"I";"The Team";"First Person Singular Word Detected";
"me";"The Team";"First Person Singular Word Detected";
"myself";"The Team";"First Person Singular Word Detected";
"she";"They";"Gendered Word Detected";
"her";"Their";"Gendered Word Detected";
"hers";"Theirs";"Gendered Word Detected";
"herself";"Themself";"Gendered Word Detected";
"he";"They";"Gendered Word Detected";
"him";"Their";"Gendered Word Detected";
"his";"Theirs";"Gendered Word Detected";
"himself";"They";"Gendered Word Detected";
"ad hoc";"for this purpose";"Latin Word Detected";
"ad nauseum";"endlessly";"Latin Word Detected";
"de facto";"in practice";"Latin Word Detected";
"e.g.";"for example";"Latin Word Detected";
"eg";"for example";"Latin Word Detected";
"ergo";"therefore";"Latin Word Detected";
"etc";"and others";"Latin Word Detected";
"i.e.";"in other words";"Latin Word Detected";
"ie";"in other words";"Latin Word Detected";
"viz.";"namely";"Latin Word Detected";
"vs";"versus";"Latin Word Detected";
"not";"";"Negative Word Detected";
"thing";"";"Be More specific";
"really";"";"Don't use this word";
"basically";"";"Don't use this word";
"kind of";"";"Don't use this word";
"in order to";"to";"Don't use this word";
"utilize";"use";"Don't use this word";
"said";"stated";"Don't use this word";
"good";"commendable";"Don't use this word";
"bad";"substandard";"Don't use this word";
"big";"immense";"Don't use this word";
"sad";"troubled";"Don't use this word";
"interesting";"intriguing";"Don't use this word";
"important";"paramount";"Don't use this word";
"at the end of the day";"";"Don't use this word";
"in conclusion";"";"Don't use this word";
"in my opinion";"";"Don't use this word";
"in spite of ";"despite";"Don't use this word";
"it";"";"Do you really want to use this word?";
"potentially";"";"Don't use this word";
"perhaps";"";"Don't use this word";
"synergy";"Collaboration";"Don't use this word";
"think outside the box";"explore new ideas";"Don't use this word";
"low-hanging fruit";"easy wins";"Don't use this word";
"touch base";"connect";"Don't use this word";
"circle back";"revisit";"Don't use this word";
"ping";"reach out to";"Don't use this word";
"move the needle";"deliver results";"Don't use this word";
"leverage";"take advantage of";"Don't use this word";
"bandwidth";"capacity";"Don't use this word";
"drill down";"deep dive";"Don't use this word";
"best practice";"industry standard";"Don't use this word";
"synergize";"collaborate";"Don't use this word";
"paradigm shift";"fundamental transformation";"Don't use this word";
"reach out";"get in touch";"Don't use this word";
"core competency";"primary strength";"Don't use this word";
"on the same page";"aligned";"Don't use this word";
"take it offline";"address separately";"Don't use this word";
"value-added";"beneficial";"Don't use this word";
"irregardless";"regardless";"This is not a word";
"impactful";"influential";"Emotion Word";
"literally";"actually";"Filler word";
"utilization";"use";"Redundant word";
"firstly";"first";"Redundant word";
"stuff";"items";"Be more specific";
"got";"obtained";"Alternative Word required";
"things";"items";"Be more specific";
"get";"acquire";"Alternative Word required";
"about";"approximately,around";"Weasel Word Detected";